USDJPY,20160428,000100,111.43,111.45,111.42,111.45
USDJPY,20160428,000200,111.44,111.47,111.44,111.47
USDJPY,20160428,000300,111.48,111.50,111.48,111.50
USDJPY,20160428,000400,111.50,111.50,111.49,111.49
USDJPY,20160428,000500,111.49,111.49,111.49,111.49
USDJPY,20160428,000600,111.49,111.49,111.49,111.49
USDJPY,20160428,000700,111.49,111.49,111.49,111.49
USDJPY,20160428,000800,111.49,111.49,111.49,111.49
USDJPY,20160428,000900,111.49,111.49,111.49,111.49
USDJPY,20160428,001000,111.49,111.49,111.49,111.49
USDJPY,20160428,001100,111.49,111.49,111.45,111.45
USDJPY,20160428,001200,111.46,111.46,111.44,111.45
USDJPY,20160428,001300,111.46,111.47,111.45,111.47
USDJPY,20160428,001400,111.48,111.50,111.48,111.50
USDJPY,20160428,001500,111.49,111.49,111.47,111.47
USDJPY,20160428,001600,111.46,111.47,111.46,111.47
USDJPY,20160428,001700,111.47,111.47,111.47,111.47
USDJPY,20160428,001800,111.47,111.47,111.47,111.47
USDJPY,20160428,001900,111.46,111.49,111.46,111.49
USDJPY,20160428,002000,111.49,111.49,111.49,111.49
USDJPY,20160428,002100,111.49,111.51,111.49,111.51
USDJPY,20160428,002200,111.51,111.51,111.51,111.51
USDJPY,20160428,002300,111.50,111.50,111.49,111.49
USDJPY,20160428,002400,111.49,111.49,111.48,111.48
USDJPY,20160428,002500,111.49,111.49,111.48,111.49
USDJPY,20160428,002600,111.49,111.49,111.49,111.49
USDJPY,20160428,002700,111.49,111.49,111.49,111.49
USDJPY,20160428,002800,111.48,111.48,111.48,111.48
USDJPY,20160428,002900,111.48,111.48,111.48,111.48
USDJPY,20160428,003000,111.49,111.49,111.48,111.48
USDJPY,20160428,003100,111.48,111.48,111.46,111.46
USDJPY,20160428,003200,111.47,111.47,111.45,111.45
USDJPY,20160428,003300,111.45,111.45,111.45,111.45
USDJPY,20160428,003400,111.45,111.45,111.45,111.45
USDJPY,20160428,003500,111.45,111.45,111.45,111.45
USDJPY,20160428,003600,111.45,111.46,111.45,111.46
USDJPY,20160428,003700,111.46,111.47,111.46,111.47
USDJPY,20160428,003800,111.47,111.47,111.47,111.47
USDJPY,20160428,003900,111.47,111.49,111.47,111.49
USDJPY,20160428,004000,111.49,111.49,111.49,111.49
USDJPY,20160428,004100,111.49,111.50,111.49,111.50
USDJPY,20160428,004200,111.50,111.51,111.50,111.50
USDJPY,20160428,004300,111.50,111.51,111.50,111.51
USDJPY,20160428,004400,111.51,111.51,111.49,111.49
USDJPY,20160428,004500,111.48,111.48,111.47,111.47
USDJPY,20160428,004600,111.47,111.48,111.47,111.47
USDJPY,20160428,004700,111.47,111.47,111.47,111.47
USDJPY,20160428,004800,111.46,111.47,111.46,111.47
USDJPY,20160428,004900,111.47,111.47,111.47,111.47
USDJPY,20160428,005000,111.47,111.47,111.45,111.47
USDJPY,20160428,005100,111.48,111.48,111.48,111.48
USDJPY,20160428,005200,111.48,111.48,111.48,111.48
USDJPY,20160428,005300,111.48,111.48,111.48,111.48
USDJPY,20160428,005400,111.48,111.50,111.48,111.49
USDJPY,20160428,005500,111.49,111.49,111.47,111.48
USDJPY,20160428,005600,111.48,111.48,111.47,111.47
USDJPY,20160428,005700,111.48,111.48,111.48,111.48
USDJPY,20160428,005800,111.48,111.48,111.47,111.47
USDJPY,20160428,005900,111.48,111.49,111.48,111.48
USDJPY,20160428,010000,111.48,111.50,111.48,111.49
USDJPY,20160428,010100,111.49,111.49,111.48,111.48
USDJPY,20160428,010200,111.48,111.49,111.46,111.46
USDJPY,20160428,010300,111.47,111.47,111.46,111.46
USDJPY,20160428,010400,111.46,111.47,111.46,111.47
USDJPY,20160428,010500,111.48,111.49,111.48,111.49
USDJPY,20160428,010600,111.49,111.50,111.48,111.48
USDJPY,20160428,010700,111.49,111.49,111.48,111.48
USDJPY,20160428,010800,111.49,111.49,111.47,111.47
USDJPY,20160428,010900,111.47,111.48,111.46,111.48
USDJPY,20160428,011000,111.47,111.47,111.47,111.47
USDJPY,20160428,011100,111.47,111.47,111.47,111.47
USDJPY,20160428,011200,111.47,111.48,111.47,111.48
USDJPY,20160428,011300,111.48,111.49,111.48,111.49
USDJPY,20160428,011400,111.49,111.50,111.49,111.50
USDJPY,20160428,011500,111.50,111.50,111.50,111.50
USDJPY,20160428,011600,111.49,111.49,111.47,111.48
USDJPY,20160428,011700,111.47,111.48,111.47,111.47
USDJPY,20160428,011800,111.48,111.48,111.47,111.47
USDJPY,20160428,011900,111.47,111.47,111.47,111.47
USDJPY,20160428,012000,111.47,111.47,111.47,111.47
USDJPY,20160428,012100,111.47,111.48,111.47,111.48
USDJPY,20160428,012200,111.48,111.49,111.48,111.48
USDJPY,20160428,012300,111.48,111.49,111.48,111.48
USDJPY,20160428,012400,111.47,111.47,111.46,111.47
USDJPY,20160428,012500,111.46,111.46,111.44,111.45
USDJPY,20160428,012600,111.45,111.46,111.45,111.46
USDJPY,20160428,012700,111.47,111.47,111.46,111.46
USDJPY,20160428,012800,111.46,111.46,111.46,111.46
USDJPY,20160428,012900,111.47,111.47,111.47,111.47
USDJPY,20160428,013000,111.47,111.47,111.47,111.47
USDJPY,20160428,013100,111.47,111.51,111.47,111.51
USDJPY,20160428,013200,111.50,111.50,111.48,111.50
USDJPY,20160428,013400,111.48,111.51,111.48,111.49
USDJPY,20160428,013500,111.49,111.51,111.49,111.50
USDJPY,20160428,013700,111.50,111.51,111.50,111.50
USDJPY,20160428,013800,111.50,111.51,111.50,111.51
USDJPY,20160428,013900,111.52,111.53,111.52,111.53
USDJPY,20160428,014000,111.53,111.55,111.53,111.55
USDJPY,20160428,014100,111.56,111.60,111.56,111.58
USDJPY,20160428,014200,111.58,111.58,111.57,111.57
USDJPY,20160428,014300,111.56,111.56,111.55,111.55
USDJPY,20160428,014400,111.56,111.56,111.56,111.56
USDJPY,20160428,014500,111.56,111.56,111.54,111.54
USDJPY,20160428,014600,111.55,111.55,111.54,111.54
USDJPY,20160428,014700,111.55,111.61,111.55,111.60
USDJPY,20160428,014800,111.59,111.59,111.58,111.58
USDJPY,20160428,014900,111.58,111.59,111.58,111.59
USDJPY,20160428,015000,111.59,111.59,111.58,111.59
USDJPY,20160428,015100,111.58,111.58,111.56,111.57
USDJPY,20160428,015200,111.56,111.56,111.56,111.56
USDJPY,20160428,015300,111.56,111.56,111.54,111.55
USDJPY,20160428,015400,111.54,111.55,111.54,111.55
USDJPY,20160428,015500,111.54,111.54,111.52,111.54
USDJPY,20160428,015600,111.53,111.53,111.49,111.50
USDJPY,20160428,015700,111.49,111.51,111.49,111.51
USDJPY,20160428,015800,111.50,111.52,111.50,111.52
USDJPY,20160428,015900,111.52,111.52,111.50,111.50
USDJPY,20160428,020000,111.50,111.51,111.49,111.51
USDJPY,20160428,020100,111.50,111.52,111.50,111.52
USDJPY,20160428,020200,111.51,111.51,111.50,111.50
USDJPY,20160428,020300,111.51,111.52,111.50,111.51
USDJPY,20160428,020400,111.51,111.51,111.50,111.51
USDJPY,20160428,020500,111.51,111.51,111.50,111.50
USDJPY,20160428,020600,111.50,111.51,111.50,111.51
USDJPY,20160428,020700,111.51,111.55,111.51,111.54
USDJPY,20160428,020800,111.55,111.56,111.54,111.56
USDJPY,20160428,020900,111.56,111.56,111.54,111.55
USDJPY,20160428,021000,111.56,111.57,111.56,111.57
USDJPY,20160428,021100,111.57,111.57,111.56,111.56
USDJPY,20160428,021200,111.56,111.57,111.56,111.57
USDJPY,20160428,021300,111.56,111.60,111.56,111.60
USDJPY,20160428,021400,111.61,111.61,111.59,111.59
USDJPY,20160428,021500,111.59,111.59,111.57,111.57
USDJPY,20160428,021600,111.58,111.58,111.57,111.57
USDJPY,20160428,021700,111.56,111.57,111.56,111.57
USDJPY,20160428,021800,111.58,111.58,111.57,111.58
USDJPY,20160428,021900,111.58,111.58,111.57,111.57
USDJPY,20160428,022000,111.57,111.59,111.57,111.59
USDJPY,20160428,022100,111.58,111.59,111.57,111.58
USDJPY,20160428,022200,111.57,111.58,111.57,111.57
USDJPY,20160428,022300,111.56,111.57,111.55,111.56
USDJPY,20160428,022400,111.57,111.57,111.57,111.57
USDJPY,20160428,022500,111.57,111.58,111.57,111.57
USDJPY,20160428,022600,111.57,111.57,111.56,111.56
USDJPY,20160428,022700,111.55,111.56,111.55,111.55
USDJPY,20160428,022800,111.55,111.55,111.53,111.53
USDJPY,20160428,022900,111.53,111.53,111.48,111.49
USDJPY,20160428,023000,111.50,111.52,111.50,111.51
USDJPY,20160428,023100,111.52,111.52,111.51,111.51
USDJPY,20160428,023200,111.51,111.53,111.51,111.52
USDJPY,20160428,023300,111.52,111.52,111.51,111.52
USDJPY,20160428,023400,111.53,111.55,111.53,111.54
USDJPY,20160428,023500,111.53,111.53,111.53,111.53
USDJPY,20160428,023600,111.53,111.55,111.53,111.53
USDJPY,20160428,023700,111.52,111.54,111.52,111.53
USDJPY,20160428,023800,111.52,111.53,111.52,111.53
USDJPY,20160428,023900,111.52,111.53,111.52,111.53
USDJPY,20160428,024000,111.53,111.56,111.53,111.56
USDJPY,20160428,024100,111.55,111.55,111.55,111.55
USDJPY,20160428,024200,111.54,111.55,111.51,111.51
USDJPY,20160428,024300,111.50,111.50,111.46,111.48
USDJPY,20160428,024400,111.49,111.50,111.48,111.48
USDJPY,20160428,024500,111.48,111.50,111.48,111.50
USDJPY,20160428,024600,111.49,111.50,111.48,111.49
USDJPY,20160428,024700,111.50,111.50,111.49,111.49
USDJPY,20160428,024800,111.49,111.55,111.49,111.54
USDJPY,20160428,024900,111.55,111.57,111.55,111.56
USDJPY,20160428,025000,111.57,111.57,111.55,111.55
USDJPY,20160428,025100,111.55,111.56,111.55,111.55
USDJPY,20160428,025200,111.54,111.56,111.54,111.56
USDJPY,20160428,025300,111.57,111.63,111.57,111.61
USDJPY,20160428,025400,111.62,111.67,111.62,111.64
USDJPY,20160428,025500,111.63,111.72,111.63,111.70
USDJPY,20160428,025600,111.71,111.71,111.65,111.66
USDJPY,20160428,025700,111.65,111.67,111.65,111.66
USDJPY,20160428,025800,111.65,111.68,111.65,111.66
USDJPY,20160428,025900,111.65,111.66,111.64,111.66
USDJPY,20160428,030000,111.66,111.69,111.65,111.68
USDJPY,20160428,030100,111.69,111.75,111.69,111.73
USDJPY,20160428,030200,111.72,111.72,111.69,111.69
USDJPY,20160428,030300,111.70,111.70,111.69,111.69
USDJPY,20160428,030400,111.70,111.71,111.70,111.71
USDJPY,20160428,030500,111.71,111.72,111.70,111.72
USDJPY,20160428,030600,111.72,111.74,111.72,111.74
USDJPY,20160428,030700,111.74,111.74,111.73,111.73
USDJPY,20160428,030800,111.72,111.73,111.71,111.72
USDJPY,20160428,030900,111.73,111.75,111.72,111.74
USDJPY,20160428,031000,111.75,111.75,111.73,111.75
USDJPY,20160428,031100,111.76,111.78,111.76,111.76
USDJPY,20160428,031200,111.76,111.78,111.75,111.78
USDJPY,20160428,031300,111.77,111.77,111.75,111.76
USDJPY,20160428,031400,111.76,111.76,111.76,111.76
USDJPY,20160428,031500,111.75,111.75,111.74,111.75
USDJPY,20160428,031600,111.75,111.75,111.74,111.74
USDJPY,20160428,031700,111.75,111.76,111.75,111.76
USDJPY,20160428,031800,111.77,111.84,111.77,111.81
USDJPY,20160428,031900,111.81,111.83,111.81,111.83
USDJPY,20160428,032000,111.82,111.84,111.81,111.84
USDJPY,20160428,032100,111.83,111.86,111.83,111.85
USDJPY,20160428,032200,111.84,111.84,111.83,111.84
USDJPY,20160428,032300,111.83,111.83,111.81,111.81
USDJPY,20160428,032400,111.82,111.84,111.82,111.84
USDJPY,20160428,032500,111.84,111.84,111.79,111.79
USDJPY,20160428,032600,111.80,111.80,111.77,111.78
USDJPY,20160428,032700,111.78,111.79,111.77,111.77
USDJPY,20160428,032800,111.76,111.78,111.76,111.76
USDJPY,20160428,032900,111.77,111.77,111.76,111.77
USDJPY,20160428,033000,111.77,111.78,111.77,111.78
USDJPY,20160428,033100,111.77,111.77,111.75,111.75
USDJPY,20160428,033200,111.74,111.75,111.73,111.75
USDJPY,20160428,033300,111.74,111.75,111.73,111.73
USDJPY,20160428,033400,111.74,111.75,111.72,111.74
USDJPY,20160428,033500,111.73,111.73,111.71,111.72
USDJPY,20160428,033600,111.73,111.74,111.72,111.74
USDJPY,20160428,033700,111.73,111.73,111.71,111.72
USDJPY,20160428,033800,111.73,111.75,111.73,111.74
USDJPY,20160428,033900,111.73,111.74,111.73,111.74
USDJPY,20160428,034000,111.73,111.75,111.73,111.75
USDJPY,20160428,034100,111.76,111.76,111.73,111.73
USDJPY,20160428,034200,111.74,111.74,111.73,111.74
USDJPY,20160428,034300,111.73,111.74,111.72,111.73
USDJPY,20160428,034400,111.72,111.73,111.71,111.72
USDJPY,20160428,034500,111.73,111.74,111.73,111.73
USDJPY,20160428,034600,111.74,111.74,111.74,111.74
USDJPY,20160428,034700,111.75,111.75,111.72,111.73
USDJPY,20160428,034800,111.74,111.74,111.73,111.73
USDJPY,20160428,034900,111.73,111.73,111.71,111.73
USDJPY,20160428,035000,111.72,111.73,111.71,111.73
USDJPY,20160428,035100,111.72,111.74,111.72,111.74
USDJPY,20160428,035200,111.73,111.74,111.73,111.74
USDJPY,20160428,035300,111.75,111.77,111.75,111.76
USDJPY,20160428,035400,111.77,111.77,111.75,111.76
USDJPY,20160428,035500,111.77,111.77,111.75,111.76
USDJPY,20160428,035600,111.77,111.77,111.72,111.73
USDJPY,20160428,035700,111.73,111.75,111.73,111.74
USDJPY,20160428,035800,111.75,111.75,111.74,111.75
USDJPY,20160428,035900,111.74,111.75,111.74,111.75
USDJPY,20160428,040000,111.75,111.76,111.75,111.75
USDJPY,20160428,040100,111.76,111.76,111.74,111.75
USDJPY,20160428,040200,111.74,111.74,111.74,111.74
USDJPY,20160428,040300,111.75,111.75,111.73,111.73
USDJPY,20160428,040400,111.74,111.74,111.73,111.73
USDJPY,20160428,040500,111.73,111.73,111.72,111.72
USDJPY,20160428,040600,111.73,111.73,111.72,111.72
USDJPY,20160428,040700,111.71,111.72,111.71,111.72
USDJPY,20160428,040800,111.72,111.73,111.72,111.72
USDJPY,20160428,040900,111.73,111.73,111.70,111.70
USDJPY,20160428,041000,111.70,111.70,111.66,111.66
USDJPY,20160428,041100,111.65,111.68,111.65,111.67
USDJPY,20160428,041200,111.66,111.67,111.65,111.67
USDJPY,20160428,041300,111.66,111.67,111.66,111.67
USDJPY,20160428,041400,111.66,111.67,111.66,111.67
USDJPY,20160428,041500,111.67,111.67,111.66,111.66
USDJPY,20160428,041600,111.66,111.66,111.65,111.65
USDJPY,20160428,041700,111.66,111.66,111.65,111.66
USDJPY,20160428,041800,111.67,111.67,111.65,111.65
USDJPY,20160428,041900,111.66,111.66,111.63,111.63
USDJPY,20160428,042000,111.63,111.63,111.60,111.62
USDJPY,20160428,042100,111.62,111.62,111.62,111.62
USDJPY,20160428,042200,111.63,111.63,111.63,111.63
USDJPY,20160428,042300,111.63,111.63,111.62,111.62
USDJPY,20160428,042400,111.63,111.63,111.62,111.62
USDJPY,20160428,042500,111.61,111.61,111.61,111.61
USDJPY,20160428,042600,111.61,111.61,111.56,111.56
USDJPY,20160428,042700,111.57,111.58,111.55,111.58
USDJPY,20160428,042800,111.57,111.58,111.56,111.58
USDJPY,20160428,042900,111.59,111.63,111.58,111.63
USDJPY,20160428,043000,111.64,111.64,111.63,111.64
USDJPY,20160428,043100,111.63,111.64,111.63,111.64
USDJPY,20160428,043200,111.64,111.65,111.64,111.65
USDJPY,20160428,043300,111.64,111.65,111.64,111.65
USDJPY,20160428,043400,111.65,111.65,111.64,111.64
USDJPY,20160428,043500,111.65,111.68,111.64,111.68
USDJPY,20160428,043600,111.67,111.75,111.66,111.75
USDJPY,20160428,043700,111.74,111.74,111.72,111.74
USDJPY,20160428,043800,111.75,111.76,111.75,111.76
USDJPY,20160428,043900,111.76,111.76,111.71,111.71
USDJPY,20160428,044000,111.72,111.74,111.71,111.72
USDJPY,20160428,044100,111.71,111.72,111.70,111.72
USDJPY,20160428,044200,111.73,111.73,111.69,111.69
USDJPY,20160428,044300,111.70,111.73,111.70,111.72
USDJPY,20160428,044400,111.72,111.72,111.71,111.71
USDJPY,20160428,044500,111.70,111.70,111.61,111.64
USDJPY,20160428,044600,111.68,111.68,111.61,111.63
USDJPY,20160428,044700,111.64,111.66,111.64,111.66
USDJPY,20160428,044800,111.65,111.67,111.65,111.66
USDJPY,20160428,044900,111.67,111.68,111.67,111.67
USDJPY,20160428,045000,111.68,111.68,111.66,111.67
USDJPY,20160428,045100,111.68,111.68,111.65,111.66
USDJPY,20160428,045200,111.65,111.66,111.63,111.63
USDJPY,20160428,045300,111.64,111.65,111.63,111.64
USDJPY,20160428,045400,111.64,111.67,111.64,111.67
USDJPY,20160428,045500,111.66,111.66,111.66,111.66
USDJPY,20160428,045600,111.65,111.66,111.64,111.66
USDJPY,20160428,045700,111.66,111.66,111.64,111.66
USDJPY,20160428,045800,111.65,111.65,111.62,111.64
USDJPY,20160428,045900,111.65,111.67,111.65,111.66
USDJPY,20160428,050000,111.66,111.67,111.66,111.66
USDJPY,20160428,050100,111.67,111.68,111.66,111.66
USDJPY,20160428,050200,111.66,111.66,109.59,109.70
USDJPY,20160428,050300,109.65,109.71,109.24,109.31
USDJPY,20160428,050400,109.29,109.29,108.78,108.86
USDJPY,20160428,050500,108.87,109.28,108.87,109.24
USDJPY,20160428,050600,109.26,109.31,109.09,109.16
USDJPY,20160428,050700,109.22,109.41,109.13,109.13
USDJPY,20160428,050800,109.09,109.31,109.02,109.31
USDJPY,20160428,050900,109.30,109.33,109.16,109.17
USDJPY,20160428,051000,109.19,109.20,109.00,109.00
USDJPY,20160428,051100,109.01,109.26,109.01,109.13
USDJPY,20160428,051200,109.14,109.17,109.08,109.14
USDJPY,20160428,051300,109.13,109.18,109.01,109.14
USDJPY,20160428,051400,109.13,109.22,109.12,109.15
USDJPY,20160428,051500,109.16,109.28,109.15,109.26
USDJPY,20160428,051600,109.25,109.28,109.19,109.26
USDJPY,20160428,051700,109.25,109.27,109.17,109.23
USDJPY,20160428,051800,109.24,109.28,109.21,109.26
USDJPY,20160428,051900,109.27,109.34,109.26,109.28
USDJPY,20160428,052000,109.29,109.35,109.24,109.31
USDJPY,20160428,052100,109.30,109.33,109.27,109.32
USDJPY,20160428,052200,109.30,109.32,109.22,109.24
USDJPY,20160428,052300,109.25,109.37,109.25,109.37
USDJPY,20160428,052400,109.38,109.39,109.32,109.37
USDJPY,20160428,052500,109.38,109.38,109.32,109.32
USDJPY,20160428,052600,109.31,109.32,109.22,109.24
USDJPY,20160428,052700,109.25,109.38,109.25,109.33
USDJPY,20160428,052800,109.32,109.33,109.27,109.27
USDJPY,20160428,052900,109.28,109.33,109.27,109.28
USDJPY,20160428,053000,109.29,109.30,109.22,109.27
USDJPY,20160428,053100,109.28,109.37,109.28,109.29
USDJPY,20160428,053200,109.28,109.32,109.23,109.27
USDJPY,20160428,053300,109.26,109.30,109.21,109.22
USDJPY,20160428,053400,109.21,109.21,109.15,109.18
USDJPY,20160428,053500,109.17,109.18,109.11,109.13
USDJPY,20160428,053600,109.12,109.17,109.10,109.11
USDJPY,20160428,053700,109.12,109.13,109.05,109.09
USDJPY,20160428,053800,109.08,109.15,109.08,109.14
USDJPY,20160428,053900,109.13,109.14,109.12,109.13
USDJPY,20160428,054000,109.14,109.14,109.07,109.11
USDJPY,20160428,054100,109.10,109.18,109.10,109.15
USDJPY,20160428,054200,109.16,109.19,109.11,109.16
USDJPY,20160428,054300,109.17,109.18,109.14,109.17
USDJPY,20160428,054400,109.16,109.19,109.15,109.18
USDJPY,20160428,054500,109.17,109.17,109.15,109.17
USDJPY,20160428,054600,109.18,109.18,109.17,109.17
USDJPY,20160428,054700,109.18,109.24,109.18,109.22
USDJPY,20160428,054800,109.23,109.30,109.22,109.29
USDJPY,20160428,054900,109.30,109.32,109.30,109.30
USDJPY,20160428,055000,109.29,109.36,109.28,109.33
USDJPY,20160428,055100,109.32,109.37,109.31,109.37
USDJPY,20160428,055200,109.36,109.37,109.31,109.33
USDJPY,20160428,055300,109.34,109.43,109.34,109.40
USDJPY,20160428,055400,109.39,109.42,109.38,109.39
USDJPY,20160428,055500,109.38,109.38,109.34,109.34
USDJPY,20160428,055600,109.35,109.37,109.30,109.32
USDJPY,20160428,055700,109.31,109.35,109.31,109.35
USDJPY,20160428,055800,109.36,109.37,109.32,109.32
USDJPY,20160428,055900,109.33,109.36,109.33,109.35
USDJPY,20160428,060000,109.36,109.37,109.34,109.37
USDJPY,20160428,060100,109.36,109.36,109.32,109.34
USDJPY,20160428,060200,109.33,109.33,109.30,109.31
USDJPY,20160428,060300,109.30,109.30,109.23,109.25
USDJPY,20160428,060400,109.24,109.26,109.24,109.24
USDJPY,20160428,060500,109.25,109.34,109.25,109.34
USDJPY,20160428,060600,109.35,109.37,109.33,109.37
USDJPY,20160428,060700,109.36,109.36,109.33,109.33
USDJPY,20160428,060800,109.34,109.36,109.34,109.36
USDJPY,20160428,060900,109.35,109.35,109.33,109.34
USDJPY,20160428,061000,109.35,109.37,109.35,109.35
USDJPY,20160428,061100,109.34,109.36,109.29,109.29
USDJPY,20160428,061200,109.30,109.33,109.30,109.31
USDJPY,20160428,061300,109.32,109.32,109.30,109.31
USDJPY,20160428,061400,109.32,109.33,109.32,109.32
USDJPY,20160428,061500,109.33,109.33,109.30,109.30
USDJPY,20160428,061600,109.29,109.29,109.26,109.29
USDJPY,20160428,061700,109.30,109.35,109.30,109.33
USDJPY,20160428,061800,109.32,109.33,109.32,109.33
USDJPY,20160428,061900,109.33,109.34,109.32,109.32
USDJPY,20160428,062000,109.31,109.35,109.31,109.35
USDJPY,20160428,062100,109.36,109.36,109.32,109.32
USDJPY,20160428,062200,109.32,109.33,109.32,109.33
USDJPY,20160428,062300,109.33,109.33,109.32,109.32
USDJPY,20160428,062400,109.31,109.32,109.29,109.32
USDJPY,20160428,062500,109.32,109.32,109.32,109.32
USDJPY,20160428,062600,109.32,109.32,109.29,109.29
USDJPY,20160428,062700,109.28,109.31,109.27,109.31
USDJPY,20160428,062800,109.32,109.32,109.30,109.30
USDJPY,20160428,062900,109.31,109.33,109.30,109.32
USDJPY,20160428,063000,109.33,109.33,109.31,109.31
USDJPY,20160428,063100,109.32,109.33,109.31,109.31
USDJPY,20160428,063200,109.32,109.32,109.30,109.31
USDJPY,20160428,063300,109.32,109.32,109.31,109.32
USDJPY,20160428,063400,109.31,109.33,109.31,109.33
USDJPY,20160428,063500,109.32,109.33,109.31,109.33
USDJPY,20160428,063600,109.33,109.33,109.32,109.32
USDJPY,20160428,063700,109.31,109.31,109.22,109.24
USDJPY,20160428,063800,109.23,109.26,109.23,109.25
USDJPY,20160428,063900,109.24,109.24,109.23,109.23
USDJPY,20160428,064000,109.24,109.25,109.19,109.19
USDJPY,20160428,064100,109.20,109.25,109.20,109.24
USDJPY,20160428,064200,109.23,109.24,109.20,109.24
USDJPY,20160428,064300,109.23,109.24,109.21,109.23
USDJPY,20160428,064400,109.23,109.24,109.23,109.23
USDJPY,20160428,064500,109.23,109.24,109.23,109.23
USDJPY,20160428,064600,109.22,109.22,109.11,109.11
USDJPY,20160428,064700,109.12,109.13,109.10,109.10
USDJPY,20160428,064800,109.09,109.12,109.08,109.11
USDJPY,20160428,064900,109.10,109.12,109.09,109.11
USDJPY,20160428,065000,109.12,109.12,109.07,109.09
USDJPY,20160428,065100,109.08,109.11,109.07,109.11
USDJPY,20160428,065200,109.11,109.11,109.07,109.07
USDJPY,20160428,065300,109.06,109.07,109.04,109.06
USDJPY,20160428,065400,109.05,109.07,109.04,109.04
USDJPY,20160428,065500,109.03,109.03,109.01,109.03
USDJPY,20160428,065600,109.04,109.06,109.02,109.02
USDJPY,20160428,065700,109.01,109.01,108.97,109.00
USDJPY,20160428,065800,109.01,109.01,108.99,108.99
USDJPY,20160428,065900,108.98,108.99,108.89,108.90
USDJPY,20160428,070000,108.91,108.92,108.85,108.87
USDJPY,20160428,070100,108.88,108.89,108.80,108.81
USDJPY,20160428,070200,108.82,108.87,108.82,108.86
USDJPY,20160428,070300,108.87,108.88,108.83,108.86
USDJPY,20160428,070400,108.85,108.86,108.82,108.86
USDJPY,20160428,070500,108.87,108.90,108.86,108.87
USDJPY,20160428,070600,108.86,108.86,108.82,108.86
USDJPY,20160428,070700,108.85,108.85,108.79,108.83
USDJPY,20160428,070800,108.82,108.83,108.79,108.82
USDJPY,20160428,070900,108.83,108.85,108.81,108.82
USDJPY,20160428,071000,108.83,108.85,108.83,108.83
USDJPY,20160428,071100,108.84,108.84,108.79,108.82
USDJPY,20160428,071200,108.83,108.86,108.82,108.85
USDJPY,20160428,071300,108.86,108.88,108.85,108.88
USDJPY,20160428,071400,108.90,108.93,108.90,108.92
USDJPY,20160428,071500,108.93,108.93,108.90,108.91
USDJPY,20160428,071600,108.92,108.97,108.92,108.96
USDJPY,20160428,071700,108.95,108.96,108.94,108.96
USDJPY,20160428,071800,108.95,108.97,108.91,108.91
USDJPY,20160428,071900,108.92,108.92,108.86,108.86
USDJPY,20160428,072000,108.85,108.86,108.83,108.86
USDJPY,20160428,072100,108.85,108.85,108.81,108.83
USDJPY,20160428,072200,108.82,108.91,108.82,108.90
USDJPY,20160428,072300,108.91,108.95,108.88,108.90
USDJPY,20160428,072400,108.89,108.93,108.89,108.91
USDJPY,20160428,072500,108.90,108.91,108.88,108.90
USDJPY,20160428,072600,108.91,108.96,108.90,108.96
USDJPY,20160428,072700,108.94,108.95,108.92,108.92
USDJPY,20160428,072800,108.93,108.95,108.92,108.94
USDJPY,20160428,072900,108.95,108.96,108.91,108.91
USDJPY,20160428,073000,108.90,108.90,108.87,108.90
USDJPY,20160428,073100,108.89,108.89,108.84,108.86
USDJPY,20160428,073200,108.85,108.90,108.85,108.88
USDJPY,20160428,073300,108.89,108.92,108.88,108.88
USDJPY,20160428,073400,108.87,108.90,108.86,108.90
USDJPY,20160428,073500,108.87,108.90,108.87,108.90
USDJPY,20160428,073600,108.89,108.89,108.84,108.85
USDJPY,20160428,073700,108.84,108.87,108.82,108.87
USDJPY,20160428,073800,108.86,108.88,108.86,108.87
USDJPY,20160428,073900,108.86,108.87,108.86,108.87
USDJPY,20160428,074000,108.88,108.93,108.88,108.90
USDJPY,20160428,074100,108.91,108.92,108.87,108.87
USDJPY,20160428,074200,108.88,108.90,108.85,108.88
USDJPY,20160428,074300,108.87,108.91,108.86,108.91
USDJPY,20160428,074400,108.90,108.90,108.88,108.89
USDJPY,20160428,074500,108.88,108.91,108.88,108.88
USDJPY,20160428,074600,108.89,108.94,108.88,108.92
USDJPY,20160428,074700,108.94,108.95,108.93,108.95
USDJPY,20160428,074800,108.96,108.96,108.94,108.96
USDJPY,20160428,074900,108.97,109.03,108.97,109.03
USDJPY,20160428,075000,109.02,109.02,108.98,108.99
USDJPY,20160428,075100,108.98,108.99,108.97,108.98
USDJPY,20160428,075200,108.98,108.98,108.97,108.97
USDJPY,20160428,075300,108.97,108.97,108.97,108.97
USDJPY,20160428,075400,108.98,108.98,108.95,108.95
USDJPY,20160428,075500,108.94,109.02,108.94,109.02
USDJPY,20160428,075600,109.03,109.03,108.99,109.00
USDJPY,20160428,075700,109.00,109.00,108.96,108.97
USDJPY,20160428,075800,108.98,108.99,108.97,108.97
USDJPY,20160428,075900,108.97,108.97,108.96,108.96
USDJPY,20160428,080000,108.96,108.97,108.95,108.95
USDJPY,20160428,080100,108.93,108.93,108.84,108.84
USDJPY,20160428,080200,108.83,108.86,108.80,108.81
USDJPY,20160428,080300,108.80,108.83,108.79,108.80
USDJPY,20160428,080400,108.81,108.81,108.74,108.74
USDJPY,20160428,080500,108.73,108.80,108.73,108.80
USDJPY,20160428,080600,108.79,108.80,108.74,108.75
USDJPY,20160428,080700,108.76,108.78,108.75,108.77
USDJPY,20160428,080800,108.78,108.78,108.72,108.77
USDJPY,20160428,080900,108.78,108.79,108.75,108.76
USDJPY,20160428,081000,108.75,108.78,108.74,108.77
USDJPY,20160428,081100,108.76,108.78,108.75,108.78
USDJPY,20160428,081200,108.77,108.78,108.77,108.77
USDJPY,20160428,081300,108.76,108.76,108.70,108.71
USDJPY,20160428,081400,108.72,108.73,108.70,108.72
USDJPY,20160428,081500,108.71,108.72,108.64,108.64
USDJPY,20160428,081600,108.65,108.65,108.55,108.57
USDJPY,20160428,081700,108.56,108.61,108.56,108.57
USDJPY,20160428,081800,108.58,108.62,108.58,108.58
USDJPY,20160428,081900,108.57,108.61,108.55,108.58
USDJPY,20160428,082000,108.59,108.61,108.57,108.59
USDJPY,20160428,082100,108.58,108.60,108.58,108.59
USDJPY,20160428,082200,108.60,108.61,108.54,108.57
USDJPY,20160428,082300,108.58,108.59,108.57,108.58
USDJPY,20160428,082400,108.57,108.60,108.55,108.59
USDJPY,20160428,082500,108.60,108.62,108.58,108.58
USDJPY,20160428,082600,108.57,108.62,108.57,108.62
USDJPY,20160428,082700,108.61,108.65,108.61,108.64
USDJPY,20160428,082800,108.64,108.66,108.62,108.62
USDJPY,20160428,082900,108.61,108.64,108.60,108.61
USDJPY,20160428,083000,108.62,108.66,108.59,108.66
USDJPY,20160428,083100,108.65,108.69,108.63,108.67
USDJPY,20160428,083200,108.68,108.68,108.64,108.67
USDJPY,20160428,083300,108.68,108.70,108.68,108.70
USDJPY,20160428,083400,108.69,108.70,108.67,108.68
USDJPY,20160428,083500,108.67,108.68,108.55,108.56
USDJPY,20160428,083600,108.58,108.58,108.42,108.46
USDJPY,20160428,083700,108.47,108.49,108.45,108.46
USDJPY,20160428,083800,108.47,108.47,108.33,108.34
USDJPY,20160428,083900,108.33,108.35,108.28,108.34
USDJPY,20160428,084000,108.33,108.39,108.32,108.37
USDJPY,20160428,084100,108.36,108.38,108.32,108.33
USDJPY,20160428,084200,108.32,108.32,108.24,108.28
USDJPY,20160428,084300,108.27,108.28,108.24,108.27
USDJPY,20160428,084400,108.28,108.31,108.25,108.30
USDJPY,20160428,084500,108.29,108.30,108.28,108.29
USDJPY,20160428,084600,108.28,108.28,108.22,108.22
USDJPY,20160428,084700,108.20,108.23,108.15,108.18
USDJPY,20160428,084800,108.17,108.22,108.08,108.08
USDJPY,20160428,084900,108.15,108.15,108.09,108.14
USDJPY,20160428,085000,108.15,108.17,108.11,108.13
USDJPY,20160428,085100,108.14,108.15,108.11,108.12
USDJPY,20160428,085200,108.11,108.22,108.11,108.19
USDJPY,20160428,085300,108.18,108.19,108.15,108.17
USDJPY,20160428,085400,108.16,108.21,108.16,108.19
USDJPY,20160428,085500,108.18,108.18,108.11,108.11
USDJPY,20160428,085600,108.12,108.14,108.04,108.09
USDJPY,20160428,085700,108.08,108.18,108.08,108.17
USDJPY,20160428,085800,108.18,108.22,108.16,108.17
USDJPY,20160428,085900,108.16,108.23,108.16,108.22
USDJPY,20160428,090000,108.21,108.23,108.18,108.18
USDJPY,20160428,090100,108.17,108.22,108.15,108.22
USDJPY,20160428,090200,108.21,108.24,108.18,108.20
USDJPY,20160428,090300,108.19,108.20,108.17,108.20
USDJPY,20160428,090400,108.21,108.23,108.20,108.22
USDJPY,20160428,090500,108.23,108.27,108.22,108.26
USDJPY,20160428,090600,108.27,108.27,108.25,108.27
USDJPY,20160428,090700,108.26,108.30,108.24,108.29
USDJPY,20160428,090800,108.28,108.29,108.27,108.28
USDJPY,20160428,090900,108.27,108.28,108.25,108.28
USDJPY,20160428,091000,108.27,108.28,108.26,108.26
USDJPY,20160428,091100,108.25,108.28,108.24,108.24
USDJPY,20160428,091200,108.25,108.25,108.20,108.20
USDJPY,20160428,091300,108.19,108.19,108.16,108.18
USDJPY,20160428,091400,108.17,108.19,108.09,108.12
USDJPY,20160428,091500,108.11,108.14,108.10,108.13
USDJPY,20160428,091600,108.12,108.14,108.09,108.12
USDJPY,20160428,091700,108.13,108.17,108.13,108.16
USDJPY,20160428,091800,108.15,108.16,108.13,108.13
USDJPY,20160428,091900,108.12,108.16,108.12,108.15
USDJPY,20160428,092000,108.16,108.16,108.12,108.14
USDJPY,20160428,092100,108.15,108.16,108.13,108.16
USDJPY,20160428,092200,108.17,108.22,108.17,108.18
USDJPY,20160428,092300,108.19,108.19,108.14,108.17
USDJPY,20160428,092400,108.18,108.22,108.18,108.22
USDJPY,20160428,092500,108.23,108.27,108.22,108.27
USDJPY,20160428,092600,108.26,108.28,108.25,108.26
USDJPY,20160428,092700,108.27,108.28,108.24,108.24
USDJPY,20160428,092800,108.25,108.27,108.24,108.24
USDJPY,20160428,092900,108.23,108.25,108.23,108.25
USDJPY,20160428,093000,108.24,108.27,108.24,108.24
USDJPY,20160428,093100,108.23,108.25,108.20,108.20
USDJPY,20160428,093200,108.19,108.28,108.19,108.27
USDJPY,20160428,093300,108.28,108.29,108.27,108.27
USDJPY,20160428,093400,108.28,108.41,108.28,108.39
USDJPY,20160428,093500,108.38,108.39,108.35,108.36
USDJPY,20160428,093600,108.35,108.43,108.35,108.43
USDJPY,20160428,093700,108.42,108.45,108.39,108.42
USDJPY,20160428,093800,108.43,108.44,108.42,108.42
USDJPY,20160428,093900,108.41,108.41,108.36,108.37
USDJPY,20160428,094000,108.36,108.36,108.31,108.32
USDJPY,20160428,094100,108.33,108.34,108.31,108.31
USDJPY,20160428,094200,108.32,108.33,108.31,108.32
USDJPY,20160428,094300,108.31,108.36,108.30,108.36
USDJPY,20160428,094400,108.37,108.37,108.34,108.35
USDJPY,20160428,094500,108.34,108.35,108.30,108.30
USDJPY,20160428,094600,108.31,108.32,108.29,108.32
USDJPY,20160428,094700,108.32,108.32,108.30,108.31
USDJPY,20160428,094800,108.30,108.30,108.24,108.25
USDJPY,20160428,094900,108.24,108.26,108.23,108.26
USDJPY,20160428,095000,108.27,108.27,108.25,108.27
USDJPY,20160428,095100,108.26,108.27,108.22,108.23
USDJPY,20160428,095200,108.24,108.25,108.23,108.23
USDJPY,20160428,095300,108.24,108.28,108.24,108.28
USDJPY,20160428,095400,108.29,108.30,108.28,108.29
USDJPY,20160428,095500,108.28,108.30,108.27,108.30
USDJPY,20160428,095600,108.29,108.32,108.29,108.32
USDJPY,20160428,095700,108.31,108.32,108.30,108.31
USDJPY,20160428,095800,108.32,108.41,108.32,108.38
USDJPY,20160428,095900,108.39,108.40,108.37,108.40
USDJPY,20160428,100000,108.41,108.41,108.37,108.38
USDJPY,20160428,100100,108.39,108.41,108.39,108.41
USDJPY,20160428,100200,108.42,108.43,108.39,108.41
USDJPY,20160428,100300,108.40,108.42,108.32,108.32
USDJPY,20160428,100400,108.33,108.33,108.26,108.28
USDJPY,20160428,100500,108.27,108.27,108.23,108.24
USDJPY,20160428,100600,108.25,108.26,108.22,108.24
USDJPY,20160428,100700,108.25,108.25,108.18,108.20
USDJPY,20160428,100800,108.19,108.21,108.18,108.21
USDJPY,20160428,100900,108.21,108.23,108.21,108.23
USDJPY,20160428,101000,108.24,108.27,108.23,108.25
USDJPY,20160428,101100,108.24,108.25,108.22,108.22
USDJPY,20160428,101200,108.21,108.24,108.19,108.22
USDJPY,20160428,101300,108.23,108.24,108.22,108.23
USDJPY,20160428,101400,108.24,108.26,108.23,108.26
USDJPY,20160428,101500,108.27,108.28,108.26,108.28
USDJPY,20160428,101600,108.27,108.29,108.27,108.29
USDJPY,20160428,101700,108.28,108.32,108.28,108.32
USDJPY,20160428,101800,108.33,108.35,108.29,108.29
USDJPY,20160428,101900,108.28,108.30,108.27,108.29
USDJPY,20160428,102000,108.28,108.32,108.28,108.30
USDJPY,20160428,102100,108.29,108.29,108.29,108.29
USDJPY,20160428,102200,108.29,108.30,108.29,108.30
USDJPY,20160428,102300,108.31,108.33,108.31,108.32
USDJPY,20160428,102400,108.31,108.32,108.30,108.31
USDJPY,20160428,102500,108.30,108.33,108.30,108.32
USDJPY,20160428,102600,108.31,108.31,108.22,108.24
USDJPY,20160428,102700,108.24,108.25,108.24,108.24
USDJPY,20160428,102800,108.25,108.26,108.24,108.25
USDJPY,20160428,102900,108.24,108.24,108.17,108.17
USDJPY,20160428,103000,108.18,108.18,108.13,108.14
USDJPY,20160428,103100,108.15,108.16,108.09,108.09
USDJPY,20160428,103200,108.10,108.13,108.10,108.11
USDJPY,20160428,103300,108.11,108.13,108.09,108.12
USDJPY,20160428,103400,108.11,108.12,108.03,108.04
USDJPY,20160428,103500,108.03,108.04,108.00,108.03
USDJPY,20160428,103600,108.04,108.05,107.98,108.01
USDJPY,20160428,103700,107.99,108.01,107.95,107.98
USDJPY,20160428,103800,107.97,108.03,107.97,107.99
USDJPY,20160428,103900,108.00,108.01,107.90,107.94
USDJPY,20160428,104000,107.95,107.97,107.94,107.97
USDJPY,20160428,104100,107.98,108.02,107.98,107.99
USDJPY,20160428,104200,107.98,108.02,107.97,108.01
USDJPY,20160428,104300,108.02,108.03,108.00,108.02
USDJPY,20160428,104400,108.03,108.11,108.03,108.10
USDJPY,20160428,104500,108.11,108.15,108.10,108.14
USDJPY,20160428,104600,108.13,108.15,108.11,108.11
USDJPY,20160428,104700,108.12,108.13,108.09,108.09
USDJPY,20160428,104800,108.10,108.12,108.10,108.11
USDJPY,20160428,104900,108.12,108.14,108.11,108.11
USDJPY,20160428,105000,108.10,108.11,108.08,108.10
USDJPY,20160428,105100,108.11,108.11,108.04,108.06
USDJPY,20160428,105200,108.05,108.05,108.03,108.04
USDJPY,20160428,105300,108.05,108.07,108.05,108.05
USDJPY,20160428,105400,108.06,108.07,108.06,108.06
USDJPY,20160428,105500,108.05,108.13,108.05,108.13
USDJPY,20160428,105600,108.14,108.17,108.11,108.11
USDJPY,20160428,105700,108.12,108.15,108.12,108.14
USDJPY,20160428,105800,108.15,108.15,108.13,108.14
USDJPY,20160428,105900,108.15,108.16,108.13,108.13
USDJPY,20160428,110000,108.12,108.12,108.09,108.10
USDJPY,20160428,110100,108.11,108.14,108.11,108.13
USDJPY,20160428,110200,108.14,108.15,108.13,108.14
USDJPY,20160428,110300,108.13,108.17,108.13,108.17
USDJPY,20160428,110400,108.16,108.16,108.15,108.16
USDJPY,20160428,110500,108.17,108.22,108.17,108.22
USDJPY,20160428,110600,108.21,108.24,108.20,108.22
USDJPY,20160428,110700,108.21,108.23,108.20,108.20
USDJPY,20160428,110800,108.21,108.25,108.21,108.24
USDJPY,20160428,110900,108.23,108.24,108.20,108.21
USDJPY,20160428,111000,108.20,108.22,108.19,108.20
USDJPY,20160428,111100,108.21,108.21,108.18,108.18
USDJPY,20160428,111200,108.19,108.22,108.19,108.21
USDJPY,20160428,111300,108.21,108.23,108.21,108.23
USDJPY,20160428,111400,108.24,108.24,108.20,108.21
USDJPY,20160428,111500,108.22,108.23,108.20,108.20
USDJPY,20160428,111600,108.19,108.19,108.09,108.10
USDJPY,20160428,111700,108.09,108.11,108.07,108.10
USDJPY,20160428,111800,108.11,108.15,108.11,108.15
USDJPY,20160428,111900,108.14,108.15,108.13,108.13
USDJPY,20160428,112000,108.12,108.12,108.10,108.12
USDJPY,20160428,112100,108.11,108.14,108.11,108.13
USDJPY,20160428,112200,108.12,108.17,108.11,108.15
USDJPY,20160428,112300,108.16,108.17,108.16,108.17
USDJPY,20160428,112400,108.17,108.23,108.17,108.23
USDJPY,20160428,112500,108.22,108.23,108.20,108.20
USDJPY,20160428,112600,108.19,108.19,108.19,108.19
USDJPY,20160428,112700,108.18,108.20,108.17,108.17
USDJPY,20160428,112800,108.18,108.18,108.17,108.18
USDJPY,20160428,112900,108.18,108.18,108.17,108.17
USDJPY,20160428,113000,108.18,108.18,108.17,108.18
USDJPY,20160428,113100,108.19,108.22,108.18,108.22
USDJPY,20160428,113200,108.23,108.23,108.22,108.23
USDJPY,20160428,113300,108.22,108.22,108.10,108.15
USDJPY,20160428,113400,108.16,108.18,108.15,108.15
USDJPY,20160428,113500,108.15,108.17,108.14,108.15
USDJPY,20160428,113600,108.14,108.15,108.14,108.14
USDJPY,20160428,113700,108.13,108.15,108.11,108.15
USDJPY,20160428,113800,108.15,108.16,108.14,108.15
USDJPY,20160428,113900,108.16,108.16,108.14,108.14
USDJPY,20160428,114000,108.15,108.17,108.14,108.16
USDJPY,20160428,114100,108.15,108.15,108.14,108.15
USDJPY,20160428,114200,108.15,108.15,108.14,108.14
USDJPY,20160428,114300,108.15,108.17,108.15,108.17
USDJPY,20160428,114400,108.17,108.17,108.16,108.16
USDJPY,20160428,114500,108.16,108.16,108.15,108.16
USDJPY,20160428,114600,108.16,108.17,108.16,108.17
USDJPY,20160428,114700,108.16,108.16,108.13,108.14
USDJPY,20160428,114800,108.13,108.13,108.05,108.09
USDJPY,20160428,114900,108.08,108.11,108.06,108.11
USDJPY,20160428,115000,108.12,108.14,108.12,108.14
USDJPY,20160428,115100,108.13,108.15,108.13,108.13
USDJPY,20160428,115200,108.14,108.14,108.13,108.14
USDJPY,20160428,115300,108.13,108.13,108.10,108.11
USDJPY,20160428,115400,108.12,108.15,108.11,108.15
USDJPY,20160428,115500,108.16,108.18,108.16,108.16
USDJPY,20160428,115600,108.15,108.16,108.13,108.13
USDJPY,20160428,115700,108.12,108.17,108.12,108.16
USDJPY,20160428,115800,108.17,108.17,108.14,108.15
USDJPY,20160428,115900,108.14,108.16,108.14,108.16
USDJPY,20160428,120000,108.15,108.16,108.15,108.15
USDJPY,20160428,120100,108.15,108.19,108.15,108.18
USDJPY,20160428,120200,108.17,108.17,108.14,108.17
USDJPY,20160428,120300,108.18,108.18,108.15,108.16
USDJPY,20160428,120400,108.17,108.19,108.17,108.18
USDJPY,20160428,120500,108.19,108.19,108.18,108.18
USDJPY,20160428,120600,108.18,108.19,108.18,108.18
USDJPY,20160428,120700,108.17,108.22,108.15,108.22
USDJPY,20160428,120800,108.19,108.20,108.19,108.20
USDJPY,20160428,120900,108.20,108.23,108.20,108.23
USDJPY,20160428,121000,108.25,108.25,108.23,108.25
USDJPY,20160428,121100,108.24,108.25,108.22,108.25
USDJPY,20160428,121200,108.24,108.24,108.21,108.22
USDJPY,20160428,121300,108.23,108.24,108.22,108.24
USDJPY,20160428,121400,108.23,108.27,108.22,108.27
USDJPY,20160428,121500,108.28,108.28,108.27,108.27
USDJPY,20160428,121600,108.27,108.27,108.26,108.27
USDJPY,20160428,121700,108.27,108.29,108.27,108.29
USDJPY,20160428,121800,108.29,108.29,108.29,108.29
USDJPY,20160428,121900,108.28,108.28,108.22,108.22
USDJPY,20160428,122000,108.23,108.24,108.21,108.21
USDJPY,20160428,122100,108.20,108.22,108.20,108.21
USDJPY,20160428,122200,108.20,108.44,108.19,108.44
USDJPY,20160428,122300,108.37,108.37,108.18,108.24
USDJPY,20160428,122400,108.26,108.29,108.25,108.28
USDJPY,20160428,122500,108.27,108.28,108.24,108.25
USDJPY,20160428,122600,108.26,108.28,108.25,108.25
USDJPY,20160428,122700,108.26,108.27,108.24,108.27
USDJPY,20160428,122800,108.26,108.27,108.25,108.25
USDJPY,20160428,122900,108.26,108.26,108.21,108.23
USDJPY,20160428,123000,108.24,108.24,108.22,108.22
USDJPY,20160428,123100,108.21,108.21,108.20,108.21
USDJPY,20160428,123200,108.21,108.22,108.18,108.18
USDJPY,20160428,123300,108.19,108.20,108.19,108.19
USDJPY,20160428,123400,108.18,108.21,108.18,108.19
USDJPY,20160428,123500,108.18,108.20,108.18,108.20
USDJPY,20160428,123600,108.19,108.20,108.17,108.17
USDJPY,20160428,123700,108.18,108.21,108.18,108.19
USDJPY,20160428,123800,108.18,108.19,108.17,108.19
USDJPY,20160428,123900,108.18,108.19,108.18,108.19
USDJPY,20160428,124000,108.20,108.22,108.20,108.21
USDJPY,20160428,124100,108.22,108.24,108.22,108.24
USDJPY,20160428,124200,108.24,108.24,108.21,108.21
USDJPY,20160428,124300,108.21,108.21,108.21,108.21
USDJPY,20160428,124400,108.21,108.21,108.20,108.20
USDJPY,20160428,124500,108.20,108.20,108.19,108.19
USDJPY,20160428,124600,108.18,108.18,108.18,108.18
USDJPY,20160428,124700,108.19,108.19,108.18,108.19
USDJPY,20160428,124800,108.18,108.18,108.18,108.18
USDJPY,20160428,124900,108.18,108.19,108.17,108.17
USDJPY,20160428,125000,108.18,108.18,108.12,108.13
USDJPY,20160428,125100,108.12,108.12,108.09,108.09
USDJPY,20160428,125200,108.08,108.10,108.07,108.10
USDJPY,20160428,125300,108.11,108.13,108.11,108.13
USDJPY,20160428,125400,108.13,108.14,108.13,108.14
USDJPY,20160428,125500,108.13,108.14,108.10,108.11
USDJPY,20160428,125600,108.12,108.12,108.10,108.11
USDJPY,20160428,125700,108.10,108.10,108.09,108.10
USDJPY,20160428,125800,108.10,108.10,108.08,108.08
USDJPY,20160428,125900,108.07,108.08,108.04,108.06
USDJPY,20160428,130000,108.05,108.09,108.05,108.05
USDJPY,20160428,130100,108.03,108.05,108.03,108.05
USDJPY,20160428,130200,108.06,108.08,108.02,108.05
USDJPY,20160428,130300,108.04,108.04,108.01,108.03
USDJPY,20160428,130400,108.03,108.05,108.03,108.03
USDJPY,20160428,130500,108.03,108.05,108.03,108.05
USDJPY,20160428,130600,108.05,108.06,108.05,108.05
USDJPY,20160428,130700,108.06,108.08,108.06,108.07
USDJPY,20160428,130800,108.08,108.08,108.06,108.08
USDJPY,20160428,130900,108.08,108.08,108.06,108.06
USDJPY,20160428,131000,108.06,108.06,108.06,108.06
USDJPY,20160428,131100,108.07,108.10,108.07,108.10
USDJPY,20160428,131200,108.11,108.14,108.11,108.14
USDJPY,20160428,131300,108.13,108.14,108.11,108.11
USDJPY,20160428,131400,108.12,108.12,108.08,108.08
USDJPY,20160428,131500,108.09,108.09,108.09,108.09
USDJPY,20160428,131600,108.09,108.09,108.09,108.09
USDJPY,20160428,131700,108.09,108.09,108.06,108.06
USDJPY,20160428,131800,108.05,108.07,108.03,108.06
USDJPY,20160428,131900,108.06,108.07,108.06,108.06
USDJPY,20160428,132000,108.07,108.08,108.07,108.08
USDJPY,20160428,132100,108.07,108.07,108.05,108.06
USDJPY,20160428,132200,108.05,108.05,108.02,108.05
USDJPY,20160428,132300,108.06,108.07,108.04,108.07
USDJPY,20160428,132400,108.06,108.09,108.06,108.08
USDJPY,20160428,132500,108.09,108.10,108.08,108.08
USDJPY,20160428,132600,108.09,108.09,108.06,108.06
USDJPY,20160428,132700,108.07,108.08,108.06,108.08
USDJPY,20160428,132800,108.09,108.09,108.06,108.08
USDJPY,20160428,132900,108.07,108.08,108.07,108.07
USDJPY,20160428,133000,108.06,108.06,107.97,107.99
USDJPY,20160428,133100,108.00,108.00,107.95,107.98
USDJPY,20160428,133200,107.99,108.04,107.99,108.01
USDJPY,20160428,133300,108.00,108.04,108.00,108.02
USDJPY,20160428,133400,108.01,108.03,108.01,108.03
USDJPY,20160428,133500,108.04,108.06,108.04,108.06
USDJPY,20160428,133600,108.05,108.05,108.04,108.05
USDJPY,20160428,133700,108.04,108.05,108.04,108.05
USDJPY,20160428,133800,108.05,108.05,108.04,108.05
USDJPY,20160428,133900,108.05,108.09,108.05,108.08
USDJPY,20160428,134000,108.09,108.10,108.08,108.09
USDJPY,20160428,134100,108.10,108.12,108.10,108.12
USDJPY,20160428,134200,108.11,108.12,108.11,108.12
USDJPY,20160428,134300,108.12,108.13,108.12,108.13
USDJPY,20160428,134400,108.12,108.12,108.10,108.10
USDJPY,20160428,134500,108.10,108.12,108.10,108.11
USDJPY,20160428,134600,108.10,108.11,108.10,108.10
USDJPY,20160428,134700,108.10,108.13,108.10,108.13
USDJPY,20160428,134800,108.13,108.16,108.13,108.16
USDJPY,20160428,134900,108.17,108.17,108.14,108.14
USDJPY,20160428,135000,108.13,108.16,108.13,108.15
USDJPY,20160428,135100,108.15,108.15,108.13,108.13
USDJPY,20160428,135200,108.14,108.14,108.12,108.12
USDJPY,20160428,135300,108.12,108.12,108.11,108.12
USDJPY,20160428,135400,108.13,108.15,108.13,108.13
USDJPY,20160428,135500,108.12,108.13,108.11,108.12
USDJPY,20160428,135600,108.12,108.16,108.12,108.15
USDJPY,20160428,135700,108.16,108.16,108.15,108.15
USDJPY,20160428,135800,108.15,108.15,108.15,108.15
USDJPY,20160428,135900,108.15,108.16,108.15,108.15
USDJPY,20160428,140000,108.16,108.21,108.16,108.21
USDJPY,20160428,140100,108.20,108.20,108.18,108.19
USDJPY,20160428,140200,108.18,108.19,108.17,108.17
USDJPY,20160428,140300,108.16,108.16,108.16,108.16
USDJPY,20160428,140400,108.15,108.15,108.14,108.15
USDJPY,20160428,140500,108.14,108.15,108.14,108.14
USDJPY,20160428,140600,108.14,108.16,108.14,108.14
USDJPY,20160428,140700,108.13,108.13,108.10,108.10
USDJPY,20160428,140800,108.09,108.11,108.06,108.11
USDJPY,20160428,140900,108.11,108.11,108.11,108.11
USDJPY,20160428,141000,108.12,108.14,108.12,108.12
USDJPY,20160428,141100,108.13,108.15,108.13,108.15
USDJPY,20160428,141200,108.16,108.17,108.15,108.15
USDJPY,20160428,141300,108.14,108.14,108.12,108.12
USDJPY,20160428,141400,108.13,108.13,108.08,108.08
USDJPY,20160428,141500,108.09,108.13,108.09,108.13
USDJPY,20160428,141600,108.14,108.20,108.14,108.19
USDJPY,20160428,141700,108.18,108.18,108.15,108.17
USDJPY,20160428,141800,108.16,108.18,108.16,108.18
USDJPY,20160428,141900,108.19,108.21,108.17,108.19
USDJPY,20160428,142000,108.18,108.21,108.18,108.19
USDJPY,20160428,142100,108.20,108.23,108.19,108.21
USDJPY,20160428,142200,108.22,108.25,108.22,108.25
USDJPY,20160428,142300,108.26,108.27,108.26,108.27
USDJPY,20160428,142400,108.28,108.28,108.25,108.27
USDJPY,20160428,142500,108.28,108.29,108.25,108.27
USDJPY,20160428,142600,108.26,108.27,108.25,108.26
USDJPY,20160428,142700,108.27,108.28,108.23,108.23
USDJPY,20160428,142800,108.22,108.23,108.20,108.21
USDJPY,20160428,142900,108.21,108.22,108.21,108.22
USDJPY,20160428,143000,108.22,108.23,108.21,108.23
USDJPY,20160428,143100,108.24,108.31,108.10,108.30
USDJPY,20160428,143200,108.31,108.33,108.26,108.28
USDJPY,20160428,143300,108.27,108.31,108.26,108.31
USDJPY,20160428,143400,108.30,108.31,108.24,108.24
USDJPY,20160428,143500,108.23,108.23,108.18,108.21
USDJPY,20160428,143600,108.20,108.24,108.20,108.24
USDJPY,20160428,143700,108.25,108.32,108.25,108.32
USDJPY,20160428,143800,108.31,108.34,108.29,108.34
USDJPY,20160428,143900,108.33,108.35,108.31,108.31
USDJPY,20160428,144000,108.30,108.32,108.30,108.30
USDJPY,20160428,144100,108.29,108.30,108.27,108.27
USDJPY,20160428,144200,108.28,108.36,108.28,108.36
USDJPY,20160428,144300,108.34,108.34,108.30,108.31
USDJPY,20160428,144400,108.32,108.33,108.31,108.32
USDJPY,20160428,144500,108.33,108.33,108.30,108.31
USDJPY,20160428,144600,108.30,108.32,108.30,108.31
USDJPY,20160428,144700,108.30,108.32,108.30,108.31
USDJPY,20160428,144800,108.32,108.34,108.32,108.33
USDJPY,20160428,144900,108.32,108.35,108.32,108.35
USDJPY,20160428,145000,108.36,108.38,108.35,108.37
USDJPY,20160428,145100,108.36,108.36,108.35,108.36
USDJPY,20160428,145200,108.35,108.35,108.34,108.34
USDJPY,20160428,145300,108.35,108.36,108.34,108.34
USDJPY,20160428,145400,108.33,108.35,108.32,108.32
USDJPY,20160428,145500,108.33,108.33,108.31,108.31
USDJPY,20160428,145600,108.32,108.32,108.30,108.31
USDJPY,20160428,145700,108.30,108.31,108.30,108.30
USDJPY,20160428,145800,108.31,108.33,108.31,108.33
USDJPY,20160428,145900,108.34,108.36,108.34,108.36
USDJPY,20160428,150000,108.35,108.36,108.34,108.35
USDJPY,20160428,150100,108.36,108.37,108.34,108.37
USDJPY,20160428,150200,108.36,108.36,108.35,108.35
USDJPY,20160428,150300,108.36,108.36,108.35,108.35
USDJPY,20160428,150400,108.34,108.36,108.34,108.35
USDJPY,20160428,150500,108.34,108.36,108.34,108.36
USDJPY,20160428,150600,108.35,108.38,108.35,108.36
USDJPY,20160428,150700,108.35,108.36,108.34,108.35
USDJPY,20160428,150800,108.34,108.35,108.34,108.35
USDJPY,20160428,150900,108.34,108.35,108.34,108.35
USDJPY,20160428,151000,108.34,108.39,108.34,108.39
USDJPY,20160428,151100,108.38,108.42,108.38,108.41
USDJPY,20160428,151200,108.40,108.45,108.40,108.44
USDJPY,20160428,151300,108.43,108.43,108.39,108.39
USDJPY,20160428,151400,108.38,108.41,108.38,108.41
USDJPY,20160428,151500,108.40,108.44,108.40,108.44
USDJPY,20160428,151600,108.43,108.43,108.41,108.42
USDJPY,20160428,151700,108.41,108.42,108.41,108.41
USDJPY,20160428,151800,108.42,108.49,108.42,108.47
USDJPY,20160428,151900,108.48,108.56,108.48,108.56
USDJPY,20160428,152000,108.55,108.56,108.52,108.53
USDJPY,20160428,152100,108.52,108.55,108.52,108.55
USDJPY,20160428,152200,108.55,108.61,108.55,108.58
USDJPY,20160428,152300,108.57,108.61,108.57,108.61
USDJPY,20160428,152400,108.60,108.60,108.57,108.58
USDJPY,20160428,152500,108.58,108.58,108.57,108.57
USDJPY,20160428,152600,108.56,108.58,108.55,108.56
USDJPY,20160428,152700,108.57,108.60,108.56,108.56
USDJPY,20160428,152800,108.57,108.57,108.55,108.56
USDJPY,20160428,152900,108.55,108.56,108.55,108.56
USDJPY,20160428,153000,108.55,108.56,108.54,108.56
USDJPY,20160428,153100,108.57,108.57,108.53,108.53
USDJPY,20160428,153200,108.52,108.52,108.49,108.49
USDJPY,20160428,153300,108.50,108.51,108.49,108.50
USDJPY,20160428,153400,108.51,108.51,108.48,108.48
USDJPY,20160428,153500,108.49,108.51,108.48,108.50
USDJPY,20160428,153600,108.51,108.52,108.50,108.50
USDJPY,20160428,153700,108.49,108.55,108.49,108.55
USDJPY,20160428,153800,108.54,108.57,108.53,108.56
USDJPY,20160428,153900,108.59,108.62,108.59,108.62
USDJPY,20160428,154000,108.61,108.63,108.61,108.61
USDJPY,20160428,154100,108.60,108.61,108.58,108.59
USDJPY,20160428,154200,108.58,108.60,108.58,108.59
USDJPY,20160428,154300,108.58,108.61,108.58,108.60
USDJPY,20160428,154400,108.61,108.63,108.60,108.62
USDJPY,20160428,154500,108.63,108.67,108.63,108.66
USDJPY,20160428,154600,108.65,108.66,108.65,108.65
USDJPY,20160428,154700,108.64,108.65,108.63,108.65
USDJPY,20160428,154800,108.64,108.64,108.61,108.64
USDJPY,20160428,154900,108.63,108.64,108.63,108.63
USDJPY,20160428,155000,108.62,108.64,108.61,108.64
USDJPY,20160428,155100,108.63,108.64,108.62,108.64
USDJPY,20160428,155200,108.63,108.64,108.61,108.61
USDJPY,20160428,155300,108.62,108.64,108.61,108.62
USDJPY,20160428,155400,108.63,108.64,108.62,108.63
USDJPY,20160428,155500,108.64,108.65,108.64,108.65
USDJPY,20160428,155600,108.66,108.68,108.66,108.67
USDJPY,20160428,155700,108.67,108.68,108.66,108.67
USDJPY,20160428,155800,108.68,108.69,108.65,108.65
USDJPY,20160428,155900,108.64,108.64,108.61,108.62
USDJPY,20160428,160000,108.63,108.64,108.61,108.61
USDJPY,20160428,160100,108.60,108.61,108.58,108.60
USDJPY,20160428,160200,108.59,108.59,108.56,108.57
USDJPY,20160428,160300,108.58,108.60,108.58,108.59
USDJPY,20160428,160400,108.60,108.62,108.60,108.62
USDJPY,20160428,160500,108.62,108.65,108.62,108.63
USDJPY,20160428,160600,108.62,108.62,108.60,108.61
USDJPY,20160428,160700,108.62,108.63,108.62,108.62
USDJPY,20160428,160800,108.61,108.61,108.57,108.57
USDJPY,20160428,160900,108.57,108.57,108.52,108.53
USDJPY,20160428,161000,108.54,108.54,108.53,108.53
USDJPY,20160428,161100,108.54,108.54,108.47,108.47
USDJPY,20160428,161200,108.48,108.51,108.48,108.49
USDJPY,20160428,161300,108.50,108.52,108.50,108.52
USDJPY,20160428,161400,108.51,108.52,108.50,108.51
USDJPY,20160428,161500,108.52,108.52,108.49,108.49
USDJPY,20160428,161600,108.49,108.50,108.49,108.50
USDJPY,20160428,161700,108.49,108.50,108.46,108.47
USDJPY,20160428,161800,108.48,108.48,108.46,108.47
USDJPY,20160428,161900,108.48,108.48,108.46,108.46
USDJPY,20160428,162000,108.45,108.45,108.44,108.44
USDJPY,20160428,162100,108.45,108.46,108.45,108.46
USDJPY,20160428,162200,108.47,108.47,108.43,108.43
USDJPY,20160428,162300,108.42,108.44,108.41,108.43
USDJPY,20160428,162400,108.44,108.44,108.43,108.44
USDJPY,20160428,162500,108.43,108.45,108.43,108.45
USDJPY,20160428,162600,108.46,108.48,108.46,108.48
USDJPY,20160428,162700,108.49,108.52,108.49,108.52
USDJPY,20160428,162800,108.53,108.53,108.49,108.49
USDJPY,20160428,162900,108.50,108.52,108.49,108.52
USDJPY,20160428,163000,108.53,108.56,108.53,108.56
USDJPY,20160428,163100,108.57,108.58,108.55,108.57
USDJPY,20160428,163200,108.56,108.60,108.56,108.60
USDJPY,20160428,163300,108.59,108.61,108.59,108.59
USDJPY,20160428,163400,108.58,108.59,108.58,108.59
USDJPY,20160428,163500,108.59,108.63,108.59,108.61
USDJPY,20160428,163600,108.62,108.64,108.61,108.64
USDJPY,20160428,163700,108.64,108.66,108.64,108.66
USDJPY,20160428,163800,108.65,108.66,108.63,108.65
USDJPY,20160428,163900,108.64,108.65,108.61,108.61
USDJPY,20160428,164000,108.62,108.63,108.60,108.61
USDJPY,20160428,164100,108.62,108.63,108.61,108.61
USDJPY,20160428,164200,108.60,108.60,108.59,108.59
USDJPY,20160428,164300,108.59,108.59,108.58,108.58
USDJPY,20160428,164400,108.59,108.60,108.58,108.60
USDJPY,20160428,164500,108.59,108.62,108.59,108.62
USDJPY,20160428,164600,108.61,108.61,108.59,108.60
USDJPY,20160428,164700,108.61,108.66,108.61,108.66
USDJPY,20160428,164800,108.67,108.69,108.66,108.69
USDJPY,20160428,164900,108.70,108.71,108.68,108.68
USDJPY,20160428,165000,108.69,108.71,108.69,108.70
USDJPY,20160428,165100,108.69,108.70,108.66,108.67
USDJPY,20160428,165200,108.66,108.66,108.62,108.63
USDJPY,20160428,165300,108.62,108.62,108.59,108.59
USDJPY,20160428,165400,108.60,108.61,108.58,108.58
USDJPY,20160428,165500,108.59,108.61,108.58,108.59
USDJPY,20160428,165600,108.58,108.58,108.54,108.57
USDJPY,20160428,165700,108.58,108.58,108.56,108.57
USDJPY,20160428,165800,108.56,108.57,108.53,108.55
USDJPY,20160428,165900,108.56,108.59,108.53,108.53
USDJPY,20160428,170000,108.52,108.54,108.51,108.54
USDJPY,20160428,170100,108.53,108.55,108.51,108.54
USDJPY,20160428,170200,108.55,108.55,108.53,108.55
USDJPY,20160428,170300,108.54,108.58,108.53,108.58
USDJPY,20160428,170400,108.57,108.58,108.56,108.56
USDJPY,20160428,170500,108.57,108.57,108.55,108.56
USDJPY,20160428,170600,108.55,108.57,108.55,108.57
USDJPY,20160428,170700,108.56,108.58,108.56,108.56
USDJPY,20160428,170800,108.55,108.58,108.55,108.57
USDJPY,20160428,170900,108.56,108.57,108.55,108.57
USDJPY,20160428,171000,108.57,108.58,108.57,108.57
USDJPY,20160428,171100,108.56,108.58,108.56,108.57
USDJPY,20160428,171200,108.56,108.56,108.55,108.55
USDJPY,20160428,171300,108.54,108.54,108.50,108.50
USDJPY,20160428,171400,108.51,108.51,108.50,108.50
USDJPY,20160428,171500,108.50,108.52,108.49,108.52
USDJPY,20160428,171600,108.53,108.57,108.52,108.54
USDJPY,20160428,171700,108.54,108.55,108.54,108.55
USDJPY,20160428,171800,108.55,108.57,108.55,108.57
USDJPY,20160428,171900,108.58,108.59,108.58,108.58
USDJPY,20160428,172000,108.57,108.57,108.53,108.54
USDJPY,20160428,172100,108.54,108.56,108.54,108.55
USDJPY,20160428,172200,108.56,108.57,108.56,108.56
USDJPY,20160428,172300,108.55,108.56,108.55,108.56
USDJPY,20160428,172400,108.57,108.57,108.55,108.55
USDJPY,20160428,172500,108.54,108.54,108.53,108.54
USDJPY,20160428,172600,108.54,108.54,108.50,108.50
USDJPY,20160428,172700,108.51,108.53,108.50,108.50
USDJPY,20160428,172800,108.51,108.52,108.51,108.51
USDJPY,20160428,172900,108.52,108.53,108.52,108.53
USDJPY,20160428,173000,108.52,108.52,108.52,108.52
USDJPY,20160428,173100,108.51,108.51,108.47,108.47
USDJPY,20160428,173200,108.48,108.49,108.47,108.49
USDJPY,20160428,173300,108.48,108.48,108.45,108.46
USDJPY,20160428,173400,108.47,108.50,108.47,108.50
USDJPY,20160428,173500,108.49,108.52,108.49,108.51
USDJPY,20160428,173600,108.52,108.53,108.49,108.51
USDJPY,20160428,173700,108.50,108.50,108.48,108.49
USDJPY,20160428,173800,108.49,108.49,108.48,108.48
USDJPY,20160428,173900,108.49,108.50,108.46,108.47
USDJPY,20160428,174000,108.48,108.48,108.45,108.48
USDJPY,20160428,174100,108.49,108.50,108.49,108.50
USDJPY,20160428,174200,108.50,108.50,108.48,108.49
USDJPY,20160428,174300,108.50,108.50,108.48,108.48
USDJPY,20160428,174400,108.48,108.48,108.47,108.47
USDJPY,20160428,174500,108.46,108.47,108.45,108.47
USDJPY,20160428,174600,108.47,108.47,108.45,108.46
USDJPY,20160428,174700,108.46,108.47,108.46,108.47
USDJPY,20160428,174800,108.47,108.49,108.47,108.49
USDJPY,20160428,174900,108.49,108.49,108.48,108.48
USDJPY,20160428,175000,108.49,108.51,108.49,108.51
USDJPY,20160428,175100,108.50,108.51,108.49,108.49
USDJPY,20160428,175200,108.49,108.49,108.48,108.48
USDJPY,20160428,175300,108.49,108.51,108.49,108.50
USDJPY,20160428,175400,108.49,108.50,108.49,108.50
USDJPY,20160428,175500,108.49,108.49,108.46,108.46
USDJPY,20160428,175600,108.45,108.47,108.44,108.47
USDJPY,20160428,175700,108.47,108.50,108.47,108.50
USDJPY,20160428,175800,108.49,108.49,108.49,108.49
USDJPY,20160428,175900,108.49,108.52,108.49,108.52
USDJPY,20160428,180000,108.51,108.53,108.51,108.53
USDJPY,20160428,180100,108.54,108.55,108.54,108.54
USDJPY,20160428,180200,108.54,108.54,108.52,108.52
USDJPY,20160428,180300,108.52,108.54,108.52,108.53
USDJPY,20160428,180400,108.54,108.54,108.52,108.52
USDJPY,20160428,180500,108.52,108.52,108.51,108.51
USDJPY,20160428,180600,108.51,108.54,108.51,108.54
USDJPY,20160428,180700,108.55,108.55,108.54,108.55
USDJPY,20160428,180800,108.55,108.55,108.55,108.55
USDJPY,20160428,180900,108.55,108.55,108.53,108.53
USDJPY,20160428,181000,108.52,108.55,108.52,108.54
USDJPY,20160428,181100,108.53,108.53,108.52,108.53
USDJPY,20160428,181200,108.52,108.53,108.52,108.52
USDJPY,20160428,181300,108.51,108.52,108.50,108.50
USDJPY,20160428,181400,108.50,108.50,108.49,108.49
USDJPY,20160428,181500,108.50,108.50,108.47,108.47
USDJPY,20160428,181600,108.47,108.47,108.46,108.46
USDJPY,20160428,181700,108.47,108.48,108.44,108.46
USDJPY,20160428,181800,108.45,108.47,108.45,108.46
USDJPY,20160428,181900,108.47,108.48,108.45,108.45
USDJPY,20160428,182000,108.45,108.46,108.45,108.45
USDJPY,20160428,182100,108.45,108.45,108.43,108.43
USDJPY,20160428,182200,108.42,108.42,108.40,108.42
USDJPY,20160428,182300,108.41,108.47,108.41,108.46
USDJPY,20160428,182400,108.45,108.46,108.45,108.45
USDJPY,20160428,182500,108.44,108.45,108.43,108.43
USDJPY,20160428,182600,108.42,108.44,108.42,108.44
USDJPY,20160428,182700,108.44,108.46,108.44,108.44
USDJPY,20160428,182800,108.43,108.46,108.43,108.46
USDJPY,20160428,182900,108.45,108.45,108.44,108.45
USDJPY,20160428,183000,108.45,108.45,108.43,108.43
USDJPY,20160428,183100,108.42,108.43,108.42,108.43
USDJPY,20160428,183200,108.43,108.43,108.42,108.43
USDJPY,20160428,183300,108.44,108.45,108.44,108.44
USDJPY,20160428,183400,108.45,108.45,108.44,108.44
USDJPY,20160428,183500,108.43,108.44,108.42,108.42
USDJPY,20160428,183600,108.42,108.42,108.40,108.40
USDJPY,20160428,183700,108.41,108.44,108.41,108.44
USDJPY,20160428,183800,108.43,108.43,108.41,108.42
USDJPY,20160428,183900,108.41,108.43,108.41,108.43
USDJPY,20160428,184000,108.44,108.44,108.42,108.42
USDJPY,20160428,184100,108.43,108.44,108.43,108.43
USDJPY,20160428,184200,108.44,108.44,108.44,108.44
USDJPY,20160428,184300,108.43,108.43,108.42,108.43
USDJPY,20160428,184400,108.43,108.44,108.42,108.44
USDJPY,20160428,184500,108.45,108.45,108.44,108.45
USDJPY,20160428,184600,108.44,108.44,108.42,108.43
USDJPY,20160428,184700,108.43,108.43,108.42,108.42
USDJPY,20160428,184800,108.42,108.44,108.42,108.42
USDJPY,20160428,184900,108.41,108.42,108.40,108.41
USDJPY,20160428,185000,108.40,108.41,108.40,108.40
USDJPY,20160428,185100,108.40,108.41,108.40,108.40
USDJPY,20160428,185200,108.40,108.42,108.40,108.42
USDJPY,20160428,185300,108.41,108.43,108.41,108.42
USDJPY,20160428,185400,108.42,108.42,108.42,108.42
USDJPY,20160428,185500,108.43,108.43,108.41,108.42
USDJPY,20160428,185600,108.42,108.42,108.40,108.40
USDJPY,20160428,185700,108.39,108.39,108.35,108.37
USDJPY,20160428,185800,108.36,108.37,108.34,108.34
USDJPY,20160428,185900,108.33,108.35,108.31,108.31
USDJPY,20160428,190000,108.32,108.33,108.31,108.32
USDJPY,20160428,190100,108.33,108.33,108.28,108.29
USDJPY,20160428,190200,108.28,108.30,108.26,108.27
USDJPY,20160428,190300,108.28,108.28,108.26,108.27
USDJPY,20160428,190400,108.28,108.28,108.24,108.24
USDJPY,20160428,190500,108.25,108.26,108.24,108.25
USDJPY,20160428,190600,108.24,108.24,108.22,108.22
USDJPY,20160428,190700,108.23,108.23,108.21,108.21
USDJPY,20160428,190800,108.20,108.23,108.20,108.23
USDJPY,20160428,190900,108.24,108.25,108.23,108.24
USDJPY,20160428,191000,108.24,108.24,108.22,108.22
USDJPY,20160428,191100,108.22,108.22,108.19,108.19
USDJPY,20160428,191200,108.18,108.19,108.18,108.19
USDJPY,20160428,191300,108.18,108.19,108.16,108.16
USDJPY,20160428,191400,108.15,108.16,108.13,108.16
USDJPY,20160428,191500,108.17,108.18,108.17,108.17
USDJPY,20160428,191600,108.16,108.19,108.15,108.19
USDJPY,20160428,191700,108.18,108.19,108.12,108.13
USDJPY,20160428,191800,108.12,108.13,108.10,108.13
USDJPY,20160428,191900,108.14,108.16,108.13,108.13
USDJPY,20160428,192000,108.12,108.12,108.09,108.10
USDJPY,20160428,192100,108.11,108.11,108.08,108.09
USDJPY,20160428,192200,108.08,108.08,108.06,108.07
USDJPY,20160428,192300,108.07,108.07,108.06,108.07
USDJPY,20160428,192400,108.07,108.08,108.07,108.07
USDJPY,20160428,192500,108.06,108.07,108.06,108.07
USDJPY,20160428,192600,108.08,108.12,108.07,108.12
USDJPY,20160428,192700,108.13,108.14,108.12,108.13
USDJPY,20160428,192800,108.14,108.16,108.13,108.16
USDJPY,20160428,192900,108.16,108.16,108.16,108.16
USDJPY,20160428,193000,108.16,108.16,108.16,108.16
USDJPY,20160428,193100,108.15,108.15,108.11,108.12
USDJPY,20160428,193200,108.11,108.13,108.11,108.12
USDJPY,20160428,193300,108.11,108.14,108.11,108.14
USDJPY,20160428,193400,108.15,108.16,108.12,108.12
USDJPY,20160428,193500,108.13,108.14,108.13,108.14
USDJPY,20160428,193600,108.14,108.14,108.13,108.14
USDJPY,20160428,193700,108.15,108.15,108.11,108.12
USDJPY,20160428,193800,108.13,108.15,108.13,108.14
USDJPY,20160428,193900,108.13,108.13,108.12,108.12
USDJPY,20160428,194000,108.11,108.11,108.09,108.10
USDJPY,20160428,194100,108.09,108.09,108.07,108.08
USDJPY,20160428,194200,108.07,108.07,108.07,108.07
USDJPY,20160428,194300,108.08,108.08,108.05,108.05
USDJPY,20160428,194400,108.05,108.06,108.05,108.05
USDJPY,20160428,194500,108.06,108.07,108.06,108.07
USDJPY,20160428,194600,108.07,108.08,108.05,108.05
USDJPY,20160428,194700,108.04,108.04,108.04,108.04
USDJPY,20160428,194800,108.05,108.05,107.99,107.99
USDJPY,20160428,194900,107.98,108.02,107.98,108.02
USDJPY,20160428,195000,108.02,108.02,108.02,108.02
USDJPY,20160428,195100,108.02,108.03,108.02,108.03
USDJPY,20160428,195200,108.04,108.05,108.03,108.04
USDJPY,20160428,195300,108.05,108.10,108.05,108.10
USDJPY,20160428,195400,108.09,108.10,108.09,108.09
USDJPY,20160428,195500,108.10,108.10,108.04,108.04
USDJPY,20160428,195600,108.05,108.08,108.05,108.08
USDJPY,20160428,195700,108.07,108.07,108.05,108.07
USDJPY,20160428,195800,108.06,108.06,108.03,108.05
USDJPY,20160428,195900,108.05,108.05,108.03,108.03
USDJPY,20160428,200000,108.04,108.06,108.04,108.06
USDJPY,20160428,200100,108.07,108.08,108.06,108.07
USDJPY,20160428,200200,108.06,108.11,108.06,108.11
USDJPY,20160428,200300,108.10,108.11,108.09,108.10
USDJPY,20160428,200400,108.09,108.09,108.08,108.08
USDJPY,20160428,200500,108.08,108.08,108.05,108.06
USDJPY,20160428,200600,108.06,108.08,108.06,108.07
USDJPY,20160428,200700,108.08,108.09,108.08,108.08
USDJPY,20160428,200800,108.08,108.08,108.07,108.08
USDJPY,20160428,200900,108.09,108.11,108.09,108.11
USDJPY,20160428,201000,108.10,108.11,108.09,108.10
USDJPY,20160428,201100,108.11,108.11,108.11,108.11
USDJPY,20160428,201200,108.11,108.12,108.11,108.12
USDJPY,20160428,201300,108.13,108.14,108.11,108.11
USDJPY,20160428,201400,108.10,108.10,108.09,108.09
USDJPY,20160428,201500,108.08,108.10,108.08,108.10
USDJPY,20160428,201600,108.09,108.10,108.09,108.10
USDJPY,20160428,201700,108.10,108.10,108.09,108.09
USDJPY,20160428,201800,108.08,108.08,108.07,108.08
USDJPY,20160428,201900,108.08,108.10,108.08,108.10
USDJPY,20160428,202000,108.10,108.11,108.10,108.10
USDJPY,20160428,202100,108.09,108.09,108.07,108.07
USDJPY,20160428,202200,108.08,108.09,108.07,108.07
USDJPY,20160428,202300,108.07,108.08,108.07,108.08
USDJPY,20160428,202400,108.07,108.08,108.07,108.08
USDJPY,20160428,202500,108.09,108.12,108.09,108.11
USDJPY,20160428,202600,108.10,108.12,108.10,108.11
USDJPY,20160428,202700,108.11,108.11,108.11,108.11
USDJPY,20160428,202800,108.11,108.11,108.10,108.10
USDJPY,20160428,202900,108.11,108.11,108.11,108.11
USDJPY,20160428,203000,108.11,108.12,108.11,108.11
USDJPY,20160428,203100,108.11,108.11,108.10,108.10
USDJPY,20160428,203200,108.09,108.10,108.08,108.09
USDJPY,20160428,203300,108.10,108.11,108.10,108.10
USDJPY,20160428,203400,108.11,108.12,108.10,108.10
USDJPY,20160428,203500,108.10,108.12,108.10,108.12
USDJPY,20160428,203600,108.11,108.11,108.11,108.11
USDJPY,20160428,203700,108.11,108.11,108.10,108.10
USDJPY,20160428,203800,108.09,108.09,108.08,108.08
USDJPY,20160428,203900,108.08,108.09,108.08,108.08
USDJPY,20160428,204000,108.07,108.08,108.06,108.06
USDJPY,20160428,204100,108.07,108.08,108.05,108.06
USDJPY,20160428,204200,108.07,108.09,108.07,108.09
USDJPY,20160428,204300,108.10,108.11,108.09,108.10
USDJPY,20160428,204400,108.11,108.12,108.10,108.12
USDJPY,20160428,204500,108.13,108.13,108.13,108.13
USDJPY,20160428,204600,108.13,108.13,108.08,108.09
USDJPY,20160428,204700,108.10,108.11,108.09,108.09
USDJPY,20160428,204800,108.10,108.11,108.10,108.10
USDJPY,20160428,204900,108.10,108.11,108.09,108.11
USDJPY,20160428,205000,108.12,108.12,108.11,108.11
USDJPY,20160428,205100,108.11,108.11,108.08,108.09
USDJPY,20160428,205200,108.08,108.09,108.07,108.08
USDJPY,20160428,205300,108.08,108.08,108.07,108.07
USDJPY,20160428,205400,108.08,108.10,108.08,108.10
USDJPY,20160428,205500,108.09,108.09,108.07,108.08
USDJPY,20160428,205600,108.08,108.08,108.07,108.08
USDJPY,20160428,205700,108.09,108.09,108.08,108.09
USDJPY,20160428,205800,108.10,108.10,108.09,108.09
USDJPY,20160428,205900,108.09,108.09,108.08,108.08
USDJPY,20160428,210000,108.07,108.08,108.04,108.04
USDJPY,20160428,210100,108.06,108.07,108.05,108.06
USDJPY,20160428,210200,108.07,108.07,108.07,108.07
USDJPY,20160428,210300,108.07,108.10,108.06,108.10
USDJPY,20160428,210400,108.11,108.11,108.10,108.10
USDJPY,20160428,210500,108.10,108.13,108.10,108.12
USDJPY,20160428,210600,108.12,108.12,108.11,108.11
USDJPY,20160428,210700,108.11,108.11,108.10,108.11
USDJPY,20160428,210800,108.12,108.14,108.12,108.13
USDJPY,20160428,210900,108.12,108.12,108.11,108.11
USDJPY,20160428,211000,108.10,108.11,108.09,108.09
USDJPY,20160428,211100,108.08,108.08,108.06,108.06
USDJPY,20160428,211200,108.05,108.06,108.05,108.06
USDJPY,20160428,211300,108.06,108.08,108.06,108.08
USDJPY,20160428,211400,108.09,108.09,108.07,108.08
USDJPY,20160428,211500,108.07,108.07,108.07,108.07
USDJPY,20160428,211600,108.07,108.10,108.06,108.09
USDJPY,20160428,211700,108.08,108.09,108.08,108.08
USDJPY,20160428,211800,108.09,108.09,108.06,108.09
USDJPY,20160428,211900,108.09,108.09,108.07,108.07
USDJPY,20160428,212000,108.08,108.08,108.06,108.06
USDJPY,20160428,212100,108.07,108.07,108.05,108.05
USDJPY,20160428,212200,108.04,108.05,108.03,108.03
USDJPY,20160428,212300,108.02,108.07,108.02,108.06
USDJPY,20160428,212400,108.06,108.06,108.02,108.03
USDJPY,20160428,212500,108.04,108.04,108.01,108.03
USDJPY,20160428,212600,108.02,108.02,107.99,108.02
USDJPY,20160428,212700,108.01,108.02,108.01,108.02
USDJPY,20160428,212800,108.01,108.02,108.01,108.01
USDJPY,20160428,212900,108.00,108.00,107.97,107.99
USDJPY,20160428,213000,107.98,107.98,107.93,107.97
USDJPY,20160428,213100,107.98,107.99,107.98,107.98
USDJPY,20160428,213200,107.97,107.97,107.94,107.94
USDJPY,20160428,213300,107.95,107.96,107.91,107.91
USDJPY,20160428,213400,107.92,107.93,107.89,107.90
USDJPY,20160428,213500,107.89,107.92,107.86,107.91
USDJPY,20160428,213600,107.92,107.98,107.92,107.96
USDJPY,20160428,213700,107.97,108.04,107.96,107.98
USDJPY,20160428,213800,107.97,107.98,107.94,107.97
USDJPY,20160428,213900,107.96,107.98,107.94,107.98
USDJPY,20160428,214000,107.99,107.99,107.97,107.97
USDJPY,20160428,214100,107.98,108.00,107.98,107.99
USDJPY,20160428,214200,107.99,107.99,107.97,107.97
USDJPY,20160428,214300,107.96,107.99,107.95,107.99
USDJPY,20160428,214400,107.98,108.03,107.98,108.03
USDJPY,20160428,214500,108.02,108.02,108.00,108.01
USDJPY,20160428,214600,108.02,108.04,108.01,108.03
USDJPY,20160428,214700,108.04,108.05,108.03,108.04
USDJPY,20160428,214800,108.03,108.07,108.03,108.04
USDJPY,20160428,214900,108.05,108.05,108.02,108.02
USDJPY,20160428,215000,108.03,108.03,108.00,108.00
USDJPY,20160428,215100,108.01,108.02,108.00,108.00
USDJPY,20160428,215200,107.99,108.02,107.99,108.00
USDJPY,20160428,215300,107.99,107.99,107.97,107.98
USDJPY,20160428,215400,107.99,108.00,107.98,108.00
USDJPY,20160428,215500,107.99,108.02,107.98,108.02
USDJPY,20160428,215600,108.01,108.02,108.01,108.02
USDJPY,20160428,215700,108.02,108.02,108.00,108.00
USDJPY,20160428,215800,107.99,108.02,107.99,107.99
USDJPY,20160428,215900,108.00,108.01,107.96,107.96
USDJPY,20160428,220000,107.97,108.00,107.96,107.99
USDJPY,20160428,220100,108.00,108.03,107.99,108.03
USDJPY,20160428,220200,108.02,108.05,108.02,108.05
USDJPY,20160428,220300,108.06,108.11,108.06,108.10
USDJPY,20160428,220400,108.09,108.09,108.08,108.09
USDJPY,20160428,220500,108.09,108.10,108.09,108.09
USDJPY,20160428,220600,108.10,108.17,108.10,108.15
USDJPY,20160428,220700,108.14,108.14,108.12,108.12
USDJPY,20160428,220800,108.11,108.11,108.10,108.11
USDJPY,20160428,220900,108.11,108.11,108.10,108.11
USDJPY,20160428,221000,108.11,108.11,108.10,108.10
USDJPY,20160428,221100,108.09,108.09,108.07,108.09
USDJPY,20160428,221200,108.08,108.09,108.08,108.09
USDJPY,20160428,221300,108.09,108.10,108.09,108.10
USDJPY,20160428,221400,108.10,108.10,108.10,108.10
USDJPY,20160428,221500,108.10,108.11,108.10,108.11
USDJPY,20160428,221600,108.11,108.11,108.11,108.11
USDJPY,20160428,221700,108.11,108.11,108.10,108.10
USDJPY,20160428,221800,108.09,108.10,108.09,108.10
USDJPY,20160428,221900,108.10,108.10,108.09,108.09
USDJPY,20160428,222000,108.09,108.09,108.08,108.08
USDJPY,20160428,222100,108.08,108.09,108.08,108.09
USDJPY,20160428,222200,108.09,108.10,108.09,108.10
USDJPY,20160428,222300,108.10,108.10,108.09,108.10
USDJPY,20160428,222400,108.09,108.10,108.09,108.09
USDJPY,20160428,222500,108.10,108.10,108.10,108.10
USDJPY,20160428,222600,108.10,108.13,108.10,108.13
USDJPY,20160428,222700,108.13,108.13,108.13,108.13
USDJPY,20160428,222800,108.13,108.13,108.11,108.11
USDJPY,20160428,222900,108.11,108.11,108.11,108.11
USDJPY,20160428,223000,108.11,108.11,108.10,108.10
USDJPY,20160428,223100,108.10,108.10,108.09,108.09
USDJPY,20160428,223200,108.08,108.08,108.08,108.08
USDJPY,20160428,223300,108.08,108.08,108.08,108.08
USDJPY,20160428,223400,108.09,108.09,108.08,108.08
USDJPY,20160428,223500,108.08,108.08,108.08,108.08
USDJPY,20160428,223600,108.08,108.08,108.08,108.08
USDJPY,20160428,223700,108.09,108.09,108.09,108.09
USDJPY,20160428,223800,108.09,108.10,108.09,108.10
USDJPY,20160428,223900,108.10,108.10,108.10,108.10
USDJPY,20160428,224000,108.10,108.10,108.09,108.09
USDJPY,20160428,224100,108.10,108.10,108.09,108.09
USDJPY,20160428,224200,108.08,108.08,108.08,108.08
USDJPY,20160428,224300,108.08,108.09,108.08,108.09
USDJPY,20160428,224400,108.09,108.09,108.09,108.09
USDJPY,20160428,224500,108.09,108.11,108.09,108.11
USDJPY,20160428,224600,108.11,108.11,108.11,108.11
USDJPY,20160428,224700,108.11,108.11,108.11,108.11
USDJPY,20160428,224800,108.11,108.11,108.10,108.10
USDJPY,20160428,224900,108.10,108.10,108.09,108.09
USDJPY,20160428,225000,108.09,108.11,108.09,108.11
USDJPY,20160428,225100,108.11,108.11,108.11,108.11
USDJPY,20160428,225200,108.11,108.11,108.11,108.11
USDJPY,20160428,225300,108.11,108.11,108.10,108.10
USDJPY,20160428,225400,108.11,108.11,108.09,108.09
USDJPY,20160428,225500,108.09,108.09,108.09,108.09
USDJPY,20160428,225600,108.09,108.09,108.09,108.09
USDJPY,20160428,225700,108.09,108.09,108.09,108.09
USDJPY,20160428,225800,108.09,108.10,108.09,108.10
USDJPY,20160428,225900,108.10,108.10,108.07,108.07
USDJPY,20160428,230000,108.06,108.09,108.06,108.08
USDJPY,20160428,230100,108.09,108.10,108.09,108.10
USDJPY,20160428,230200,108.10,108.10,108.09,108.10
USDJPY,20160428,230300,108.10,108.10,108.08,108.08
USDJPY,20160428,230400,108.09,108.09,108.08,108.09
USDJPY,20160428,230500,108.08,108.08,108.08,108.08
USDJPY,20160428,230600,108.07,108.09,108.07,108.09
USDJPY,20160428,230700,108.08,108.10,108.08,108.10
USDJPY,20160428,230800,108.11,108.11,108.09,108.09
USDJPY,20160428,230900,108.08,108.09,108.07,108.09
USDJPY,20160428,231000,108.10,108.11,108.10,108.11
USDJPY,20160428,231100,108.10,108.10,108.07,108.07
USDJPY,20160428,231200,108.08,108.08,108.07,108.08
USDJPY,20160428,231300,108.08,108.11,108.08,108.11
USDJPY,20160428,231400,108.10,108.10,108.10,108.10
USDJPY,20160428,231500,108.10,108.10,108.10,108.10
USDJPY,20160428,231600,108.10,108.11,108.10,108.10
USDJPY,20160428,231700,108.10,108.10,108.10,108.10
USDJPY,20160428,231800,108.09,108.10,108.09,108.09
USDJPY,20160428,231900,108.09,108.10,108.09,108.10
USDJPY,20160428,232000,108.10,108.10,108.10,108.10
USDJPY,20160428,232100,108.10,108.10,108.10,108.10
USDJPY,20160428,232200,108.10,108.10,108.09,108.09
USDJPY,20160428,232300,108.10,108.10,108.09,108.09
USDJPY,20160428,232400,108.10,108.10,108.09,108.09
USDJPY,20160428,232500,108.10,108.10,108.10,108.10
USDJPY,20160428,232600,108.10,108.10,108.09,108.10
USDJPY,20160428,232700,108.09,108.09,108.09,108.09
USDJPY,20160428,232800,108.09,108.09,108.09,108.09
USDJPY,20160428,232900,108.09,108.09,108.09,108.09
USDJPY,20160428,233000,108.08,108.08,108.07,108.07
USDJPY,20160428,233100,108.07,108.10,108.07,108.10
USDJPY,20160428,233200,108.10,108.11,108.10,108.11
USDJPY,20160428,233300,108.11,108.11,108.10,108.10
USDJPY,20160428,233400,108.09,108.09,108.03,108.07
USDJPY,20160428,233500,108.07,108.07,108.07,108.07
USDJPY,20160428,233600,108.07,108.08,108.06,108.07
USDJPY,20160428,233700,108.08,108.09,108.08,108.08
USDJPY,20160428,233800,108.09,108.10,108.09,108.10
USDJPY,20160428,233900,108.11,108.11,108.11,108.11
USDJPY,20160428,234000,108.11,108.12,108.08,108.08
USDJPY,20160428,234100,108.07,108.07,108.05,108.06
USDJPY,20160428,234200,108.07,108.09,108.07,108.09
USDJPY,20160428,234300,108.09,108.11,108.09,108.11
USDJPY,20160428,234400,108.10,108.11,108.08,108.09
USDJPY,20160428,234500,108.10,108.10,108.08,108.08
USDJPY,20160428,234600,108.08,108.09,108.08,108.09
USDJPY,20160428,234700,108.08,108.08,108.07,108.07
USDJPY,20160428,234800,108.07,108.07,108.07,108.07
USDJPY,20160428,234900,108.07,108.08,108.06,108.08
USDJPY,20160428,235000,108.08,108.08,108.08,108.08
USDJPY,20160428,235100,108.07,108.08,108.07,108.08
USDJPY,20160428,235200,108.08,108.08,108.08,108.08
USDJPY,20160428,235300,108.07,108.08,108.07,108.07
USDJPY,20160428,235400,108.08,108.08,108.07,108.07
USDJPY,20160428,235500,108.07,108.09,108.07,108.09
USDJPY,20160428,235600,108.09,108.09,108.09,108.09
USDJPY,20160428,235700,108.09,108.10,108.09,108.09
USDJPY,20160428,235800,108.10,108.10,108.09,108.10
USDJPY,20160428,235900,108.10,108.10,108.09,108.09
USDJPY,20160429,000000,108.09,108.09,108.09,108.09
